[
            {
                "customer_id": 1,
                "first_name": "John",
                "last_name": "Doe",
                "date_of_birth": "1990-05-15",
                "gender": "Male",
                "email": "john.doe@example.com",
                "phone_number": "+1234567890",
                "address": "123 Main St",
                "city": "New York",
                "state_province": "NY",
                "country": "USA",
                "postal_code": "10001",
                "account_number": "1000001",
                "account_type": "Savings",
                "account_balance": 5000,
                "account_status": "Active",
                "date_account_opened": "2020-01-01",
                "last_transaction_date": "2022-05-01",
                "branch_id": 1,
                "employee_id": 101
            },
            {
                "customer_id": 2,
                "first_name": "Alice",
                "last_name": "Smith",
                "date_of_birth": "1985-08-25",
                "gender": "Female",
                "email": "alice.smith@example.com",
                "phone_number": "+1987654321",
                "address": "456 Oak St",
                "city": "Los Angeles",
                "state_province": "CA",
                "country": "USA",
                "postal_code": "90001",
                "account_number": "1000002",
                "account_type": "Checking",
                "account_balance": 7500,
                "account_status": "Active",
                "date_account_opened": "2018-03-15",
                "last_transaction_date": "2022-04-28",
                "branch_id": 2,
                "employee_id": 102
            },
            {
                "customer_id": 3,
                "first_name": "Michael",
                "last_name": "Johnson",
                "date_of_birth": "1978-11-10",
                "gender": "Male",
                "email": "michael.johnson@example.com",
                "phone_number": "+1444444444",
                "address": "789 Maple Ave",
                "city": "Chicago",
                "state_province": "IL",
                "country": "USA",
                "postal_code": "60001",
                "account_number": "1000003",
                "account_type": "Savings",
                "account_balance": 10000,
                "account_status": "Active",
                "date_account_opened": "2015-09-20",
                "last_transaction_date": "2022-04-30",
                "branch_id": 1,
                "employee_id": 103
            },
            {
                "customer_id": 4,
                "first_name": "Emily",
                "last_name": "Brown",
                "date_of_birth": "1992-03-18",
                "gender": "Female",
                "email": "emily.brown@example.com",
                "phone_number": "+1666666666",
                "address": "101 Pine St",
                "city": "San Francisco",
                "state_province": "CA",
                "country": "USA",
                "postal_code": "94101",
                "account_number": "1000004",
                "account_type": "Checking",
                "account_balance": 6200,
                "account_status": "Active",
                "date_account_opened": "2019-07-10",
                "last_transaction_date": "2022-04-29",
                "branch_id": 3,
                "employee_id": 104
            },
            {
                "customer_id": 5,
                "first_name": "William",
                "last_name": "Jones",
                "date_of_birth": "1980-09-05",
                "gender": "Male",
                "email": "william.jones@example.com",
                "phone_number": "+1777777777",
                "address": "222 Elm St",
                "city": "Seattle",
                "state_province": "WA",
                "country": "USA",
                "postal_code": "98101",
                "account_number": "1000005",
                "account_type": "Savings",
                "account_balance": 8000,
                "account_status": "Active",
                "date_account_opened": "2017-11-05",
                "last_transaction_date": "2022-05-02",
                "branch_id": 2,
                "employee_id": 105
            },
            {
                "customer_id": 6,
                "first_name": "Olivia",
                "last_name": "Martinez",
                "date_of_birth": "1987-06-20",
                "gender": "Female",
                "email": "olivia.martinez@example.com",
                "phone_number": "+1555555555",
                "address": "333 Oak St",
                "city": "Miami",
                "state_province": "FL",
                "country": "USA",
                "postal_code": "33101",
                "account_number": "1000006",
                "account_type": "Checking",
                "account_balance": 5500,
                "account_status": "Active",
                "date_account_opened": "2016-04-15",
                "last_transaction_date": "2022-04-30",
                "branch_id": 1,
                "employee_id": 106
            },
            {
                "customer_id": 7,
                "first_name": "James",
                "last_name": "Garcia",
                "date_of_birth": "1983-12-12",
                "gender": "Male",
                "email": "james.garcia@example.com",
                "phone_number": "+1888888888",
                "address": "444 Maple Ave",
                "city": "Dallas",
                "state_province": "TX",
                "country": "USA",
                "postal_code": "75201",
                "account_number": "1000007",
                "account_type": "Savings",
                "account_balance": 9500,
                "account_status": "Active",
                "date_account_opened": "2014-02-10",
                "last_transaction_date": "2022-05-03",
                "branch_id": 2,
                "employee_id": 107
            },
            {
                "customer_id": 8,
                "first_name": "Sophia",
                "last_name": "Lopez",
                "date_of_birth": "1995-02-28",
                "gender": "Female",
                "email": "sophia.lopez@example.com",
                "phone_number": "+1222222222",
                "address": "555 Pine St",
                "city": "Houston",
                "state_province": "TX",
                "country": "USA",
                "postal_code": "77001",
                "account_number": "1000008",
                "account_type": "Checking",
                "account_balance": 7000,
                "account_status": "Active",
                "date_account_opened": "2020-10-20",
                "last_transaction_date": "2022-04-29",
                "branch_id": 3,
                "employee_id": 108
            },
            {
                "customer_id": 9,
                "first_name": "Daniel",
                "last_name": "Rodriguez",
                "date_of_birth": "1975-04-08",
                "gender": "Male",
                "email": "daniel.rodriguez@example.com",
                "phone_number": "+1999999999",
                "address": "666 Oak St",
                "city": "Atlanta",
                "state_province": "GA",
                "country": "USA",
                "postal_code": "30301",
                "account_number": "1000009",
                "account_type": "Savings",
                "account_balance": 8500,
                "account_status": "Active",
                "date_account_opened": "2013-06-30",
                "last_transaction_date": "2022-05-01",
                "branch_id": 3,
                "employee_id": 109
            },
            {
                "customer_id": 10,
                "first_name": "Isabella",
                "last_name": "Perez",
                "date_of_birth": "1989-07-30",
                "gender": "Female",
                "email": "isabella.perez@example.com",
                "phone_number": "+1333333333",
                "address": "777 Maple Ave",
                "city": "Denver",
                "state_province": "CO",
                "country": "USA",
                "postal_code": "80201",
                "account_number": "1000010",
                "account_type": "Checking",
                "account_balance": 6000,
                "account_status": "Active",
                "date_account_opened": "2018-09-25",
                "last_transaction_date": "2022-04-28",
                "branch_id": 1,
                "employee_id": 110
            }
        ]